{"id":"NFC 1.8.5_01","libraries":[{"name":"org.apache.logging.log4j:log4j-api:2.0-beta9"},{"name":"io.netty:netty-all:4.0.10.Final"},{"name":"org.apache.logging.log4j:log4j-core:2.0-beta9"},{"name":"org.apache.commons:commons-lang3:3.1"},{"name":"com.google.guava:guava:15.0"},{"name":"commons-io:commons-io:2.4"},{"name":"net.java.jinput:jinput:2.0.5"},{"name":"net.java.jutils:jutils:1.0.0"},{"name":"com.mojang:authlib:1.5.24"},{"name":"commons-codec:commons-codec:1.9"},{"name":"com.google.code.gson:gson:2.2.4"},{"name":"org.lwjgl.lwjgl:lwjgl:2.9.0","rules":[{"action":"allow"},{"action":"disallow","os":{"name":"osx","version":"^10\\.5\\.\\d$"}}]},{"name":"org.lwjgl.lwjgl:lwjgl_util:2.9.0","rules":[{"action":"allow"},{"action":"disallow","os":{"name":"osx","version":"^10\\.5\\.\\d$"}}]},{"extract":{"exclude":["META-INF/"]},"name":"org.lwjgl.lwjgl:lwjgl-platform:2.9.0","natives":{"linux":"natives-linux","osx":"natives-osx","windows":"natives-windows"},"rules":[{"action":"allow"},{"action":"disallow","os":{"name":"osx","version":"^10\\.5\\.\\d$"}}]},{"name":"org.lwjgl.lwjgl:lwjgl:2.9.1-nightly-20130708-debug3","rules":[{"action":"allow","os":{"name":"osx","version":"^10\\.5\\.\\d$"}}]},{"name":"org.lwjgl.lwjgl:lwjgl_util:2.9.1-nightly-20130708-debug3","rules":[{"action":"allow","os":{"name":"osx","version":"^10\\.5\\.\\d$"}}]},{"extract":{"exclude":["META-INF/"]},"name":"org.lwjgl.lwjgl:lwjgl-platform:2.9.1-nightly-20130708-debug3","natives":{"linux":"natives-linux","osx":"natives-osx","windows":"natives-windows"},"rules":[{"action":"allow","os":{"name":"osx","version":"^10\\.5\\.\\d$"}}]},{"extract":{"exclude":["META-INF/"]},"name":"net.java.jinput:jinput-platform:2.0.5","natives":{"linux":"natives-linux","osx":"natives-osx","windows":"natives-windows"}},{"extract":{"exclude":["META-INF/"]},"name":"net.java.jinput:jinput-platform:2.0.5","natives":{"linux":"natives-linux","osx":"natives-osx","windows":"natives-windows"}}],"mainClass":"net.minecraft.client.Minecraft","minecraftArguments":"${auth_player_name} ${auth_uuid} ${auth_access_token}","minimumLauncherVersion":18,"releaseTime":"2017-06-26T10:06:00-05:00","time":"2017-06-26T10:06:00-05:00","type":"old_beta"}